{
  "dataset": "pima_diabetes",
  "glassbox": {
    "acc": 0.7337662337662337,
    "auc": 0.8157407407407408
  },
  "ablation": {
    "acc": 0.7272727272727273,
    "auc": 0.8237037037037037
  },
  "baseline": {
    "acc": 0.7077922077922078,
    "auc": 0.7324074074074074
  },
  "gate_lift": 0.0065,
  "acc_gap": 0.026,
  "gate_weights": {
    "C0\u2192C1": 0.07680445164442062,
    "C0\u2192C2": 0.28128817677497864,
    "C1\u2192C2": 0.26253649592399597
  }
}