{
  "dataset": "pneumonia_mnist",
  "glassbox": {
    "acc": 0.8525641025641025,
    "auc": 0.9212689020381328
  },
  "ghost_only": {
    "acc": 0.8557692307692307,
    "auc": 0.9030955511724743
  },
  "ablation": {
    "acc": 0.8461538461538461,
    "auc": 0.9054843304843305
  },
  "baseline": {
    "acc": 0.8589743589743589,
    "auc": 0.9144258163488933
  },
  "full_lift": 0.0064,
  "order_lift": -0.0032,
  "acc_gap": 0.0064,
  "gate_weights": {
    "C0\u2192C1": 0.0005337861948646605,
    "C0\u2192C2": 0.0005337861948646605,
    "C0\u2192C3": 0.000823059759568423,
    "C1\u2192C2": 0.0005337861948646605,
    "C1\u2192C3": 0.0007412727572955191,
    "C2\u2192C3": 0.0009684851975180209
  },
  "order_weights": {
    "Chunk0": 0.0342022106051445,
    "Chunk1": 0.03021581657230854,
    "Chunk2": 0.028505804017186165,
    "Chunk3": 0.03336617723107338
  }
}